id,album,name
4ZJPwET9Jrgpkqi4Vo3Yg8,All Your Fault: Pt. 1,Bad Bitch (feat. Ty Dolla $ign)
1Eck97uRMlprKOOJN9oO1E,Good Life (with G-Eazy & Kehlani),Good Life (with G-Eazy & Kehlani)
3FsBtu3gdlfZjBLXyDvmj1,13 Reasons Why (A Netflix Original Series Soundtrack),The Night We Met
542Xd5qDeLBvgXZXhfW7LE,Obsession (feat. Jon Bellion),Obsession (feat. Jon Bellion)
27vTihlWXiz9f9lJM3XGVU,Slow Hands,Slow Hands
4SPLWgCPoKwULz2UTM8TKg,So Good,Symphony
6cPyTS0Kk2sc4xQwC93kOg,Memories...Do Not Open,Break Up Every Night
72Q0FQQo32KJloivv5xge2,I'm the One,I'm the One
4iLqG9SeJSnt0cSPICSjxv,Attention,Attention
51PIvodunv6NmX5250zxAh,The Cure,The Cure
0oP9pK1D1lNF3Lb7jkl6Xx,Thunder,Thunder
10GJQkjRJcZhGTLagFOC62,Most Girls,Most Girls
6uBhi9gBXWjanegOb2Phh0,Stay,Stay (with Alessia Cara)
4rwqrKdwlFWJ6LvPYaOtgn,9,Quit (feat. Ariana Grande)
1louJpMmzEicAn7lzDalPW,No Promises (feat. Demi Lovato),No Promises (feat. Demi Lovato)
4QeoDcR16IHpmmgFGQDrCp,No Vacancy,No Vacancy
3GnLo84IkdSWCPYt6tnLll,HUMBLE.,HUMBLE.
2Gl0FzuLxflY6nPifJp5Dr,First Time,First Time
0owbFAS9rCBSqJYly3fMbE,The Things You Do,The Things You Do
0hNduWmlWmEmuwEFcYvRu1,Sunset Lover,Sunset Lover
1UiEaMpzSMICYs0FWQga7S,That?s Me,That?s Me
21xFsQzlsh6cr5XIDqKc7S,Empty Streets,Empty Streets
073wmqmf5KfrQiNukyuqrq,Human Touch,Human Touch
2ULg8Cw0Ckn5JDGUkCNXko,Hung Up,Hung Up
3Px934J0dBoCmpUhUuCQkD,Now Or Never,Now Or Never
4uNDs2TBsv2KX9b4LIxfdt,Aloha,Aloha
3R6dPfF2yBO8mHySW1XDAa,Solo Dance,Solo Dance
1fDLHQ4oKWj7KxQRg9WOHQ,Alright,Alright
5p6eKTYwFYitUS617IMtyd,The Shine,The Shine
4JU4oMSWyzHCiszqtsQptt,DGAF (feat. Shiloh Dynasty),DGAF
2PuHj0tUOKud6fVKTZUXRO,Not Going Home,Not Going Home
74LOZLK6DFZiVLcd8zBEp2,Out of Love,Out of Love
4Sj8JZ9zZfl8HaOav5yTVq,1-800-273-8255,1-800-273-8255
1euQrkGwRPQod7kcddoeJ5,Stay a Little Longer,Stay a Little Longer
3A2waEDfZQfl6RNOn8Y1xW,Trouble,Trouble
4y6sUWPw0XzCb8RodaNSPY,Childhood Dreams,Childhood Dreams
2v7EYRJaqHg29z1jnx59yI,Hope,Hope
1KVQsZPeztZ7GnpVfqAnFX,Like That,Like That
3QmOiZF7IzJJkHnahh5Ea0,Olivia,History
3uSwz1gv799BQhkqgIgfSz,Begin (feat. Wales),Begin (feat. Wales)
4MV8yeKSsls4xev14yDXL6,Our City (feat. Emilie Adams),Our City (feat. Emilie Adams)
2TYlNJNjw45KdmKr5Dh2mh,Shimmer + Shade,Low Tide
7z72BGlsE21horfWo8hG4d,Rewind (feat. Sophie Strauss),Rewind (feat. Sophie Strauss)
1BczdgS6s8ofRNMZPtbMF1,I Don't Think So,I Don't Think So
0mZhV2kUYyLq5zXmZ3gxnN,Windows (feat. Icona Pop),Windows (feat. Icona Pop)
6jnEusmGUs0D6YvF8MhOXX,Waiting on the Summer,Waiting on the Summer
3kKX2SSrYHYGbX9fIpipoM,Distant,Distant
1wPRqq1czM3ny6189e56mq,Aftergold,Aftergold (feat. Tove Styrke)
4mqvE5F95nKSUrUvUH3YB7,Sooner Or Later,Sooner Or Later
3xmhECNTS8KZQ7C6ye7JIK,Stay,Stay
7j1Q7Xx6Ozn5mUJfrqaSjp,What You Need,What You Need
7CotyU8EcChJlqOFnxPPmI,Can't Hide feat. Ashe,Can't Hide
6TYWE19e35N7Bn5heHwyY6,Your Girl,Your Girl
4g64deYSvQZ4w9uGpYz2sL,Fire,Fire
04DysC7XwYiKJqYwGM8mkU,Love Gun (Radio Edit),Love Gun - Radio Edit
2DRfWdOZhBi00BcCwv9ljR,Verona,Verona
7jZHUhAmW5oq1cq6s8IxmK,In Return,Sun Models (feat. Madelyn Grant)
7GYLsGlCPqSkLBNDC5mVyl,Magic,Magic
4gQMDHCeHsExrWSCIMJSa4,Little Monarch,No Matter What
2mCF8L0brIs88eH6Kf2h9p,Fast Car (Radio Edit),Fast Car - Radio Edit
0F0vAwMKYkljxJdG9yaYsX,Aloha,Mirage
0SE7gSflAhE1a5HEs5Hk9R,TROUBLE (feat. Absofacto),TROUBLE (feat. Absofacto)
4pgOyxhTFOuNZJndYQJkKk,Fall in Deep,Fall in Deep
6E3uDDXfklfVr1dfW7lHy7,Plot Twist,Plot Twist
3LYSYHn94yg2PHFPvN7rDj,Waiting For You (feat. Madison Love),Waiting For You (feat. Madison Love)
5BB6riskdmhOajkh4VCkJw,Golden Coast EP,Recess
4EOkkNiPEj9UViBt7JuDPj,Bad Habits,Bad Habits
7mTgsbq7n8jgnwLswpgugB,On Your Side,On Your Side
062OIZFRJTkXBAiyyw61W9,Electric Touch,Electric Touch
41kE0bBBpwPUZEZKxSIROh,Old School,Old School
74Ru27B7Jx8mBt5MGvGLLv,Light,Light
3BwR5psKNxcyqWoc80eOuq,Make Out,ILYSB
4aqafewb0B9MlQVHUWIOuK,California Girls (NoMBe vs. Sonny Alven),California Girls (NoMBe vs. Sonny Alven)
5q5gzmbBS5yQzos2BvVr1t,Nights With You,Nights With You
7J4WtoGCdREmGQrSzPYuFe,Light Outside,Light Outside
6AeQlMyRzvSl1nkFztZyKl,Issues,Issues
4BS9MBPYKNFEvaC5S7I3fN,Lovesick (feat. Felix Snow),Lovesick (feat. Felix Snow)
7qs2GAglLWfxEfmO8u2u0A,High Without Your Love,High Without Your Love
5lNuqFVMca4vPupY10cH0J,No Promises (feat. Demi Lovato),No Promises (feat. Demi Lovato)
45iMRHmfLZu3yjdZ8P5e3t,What Everyone's Thinking,Weak
5ffwgrvw4tVlhFcI8efviN,Doubt (Summer Edit),Doubt (Summer Edit)
1kcfGBb6kSrGqNIMW7rAlB,Plural,Oh Devil
1IUWIwZrxpyktrxGqI7FN7,Navigator,Navigator
0TzWLXV3gnCqTSzOYrLs8h,One Step At A Time,One Step At A Time
6UrZSKHenvGSok9muo1vvh,Sing to You,Sing to You
497l7A8s1mEyDPl9zOYkST,Roam,Roam
1cEo4OOyM1rOUn6kuTrm5m,Love Less,Love Less
3QWjljChcOMkRDYSzF33Qr,Whippin (feat. Felix Snow),Whippin (feat. Felix Snow)
2habSXqcJGExM6JJyskY7O,Malibu,Malibu
6kex4EBAj0WHXDKZMEJaaF,Swalla (feat. Nicki Minaj & Ty Dolla $ign),Swalla (feat. Nicki Minaj & Ty Dolla $ign)
1F2HXIJrE2Xn81OzT2zZvW,Unforgettable,Unforgettable
3sTCfUmYXSVWDacTd6uMbQ,do re mi,do re mi
3FDrI0FLKzrYQiWxPhqV2W,Rollin,Rollin
2Ce5IyMlVRVvN997ZJjJJA,HNDRXX,Selfish
12GEpg2XOPyqk03JZEZnJs,It Ain't Me,It Ain?t Me (with Selena Gomez)
0wfbD5rAksdXUzRvMfM3x5,Memories...Do Not Open,The One
6n36I6V2WU3J4wwBMqYDNk,Bon App?tit,Bon App?tit
4uoumbAMEMaKdtiv763jKz,So Good,TG4M
3rOSwuTsUlJp0Pu0MkN8r8,FUTURE,Mask Off
4d9OMbRg62jAFaqsoZ3M6z,At My Best (feat. Hailee Steinfeld),At My Best (feat. Hailee Steinfeld)
6RUKPb4LETWmmr3iAEQktW,Memories...Do Not Open,Something Just Like This
5Ohxk2dO5COHF1krpoPigN,Harry Styles,Sign of the Times
0KKkJNfGyhkQ5aFogxQAPU,24K Magic,That's What I Like
0DNk7lEqDGCN6nDD0H8emF,September Song,September Song
000xQL6tZNLJzIrtIgxqSl,Still Got Time,Still Got Time
152lZdxL1OR0ZMW6KquMif,American Teen,Location
7mldq42yDuxiUNn08nvzHO,Body Like A Back Road,Body Like A Back Road
3ebXMykcMXOcLeJ9xZ17XH,Scared to Be Lonely,Scared to Be Lonely
52yOf7Ls1u5AO3cFIzQ58m,Cold,Cold
5mCPDVBb16L4XQwDdbRUpz,More Life,Passionfruit
0SJPThTy7ynySPF4euczx7,Work from Home,Work from Home
0Kahm7qIT3oUsRSc4NWWmh,Cake By The Ocean,Cake By The Ocean
37FXw5QGFN7uwwsLy8uAc0,Nine Track Mind,We Don't Talk Anymore (feat. Selena Gomez)
66qlqxhEMpSHOzjRK4il0b,Castle on the Hill,Castle on the Hill
27SdWb2rFzO6GWiYDBTD9j,This Is Acting,Cheap Thrills
40MkEbKzuSW9ET6HBngqnK,Peace Is The Mission (Extended),Light It Up (feat. Nyla & Fuse ODG) [Remix]
2qxaR31Te4xDR2yO6LqM8z,HAIZ,Rock Bottom
0IKK48xF4eEdfofyaeKWWO,PILLOWTALK,PILLOWTALK
1i1fxkWeaMmKEB4T7zqbzK,Don't Let Me Down,Don't Let Me Down
3vv9phIu6Y1vX3jcqaGz5Z,Roses,Roses
13HVjjWUZFaWilh2QUJKsP,Chaos And The Calm,Let It Go
5EQ9yEra0SzVd673ZfKT4C,Brand New,Brand New
7gBj0VgcuAgkXkiRRYvSmK,Stay,Stay
0KMYgSe9JWHloFeEVBU6qq,"Me, Myself & I","Me, Myself & I"
2tGzFXvRaFptFcp1hfO9uf,Higher Place (Radio Edit),Higher Place (feat. Ne-Yo) - Radio Edit
2uEJanMvnA1dXgX1ASnPQm,One Call Away,One Call Away
3e5wnsqhAkzlzk9SzdhOzR,Sound of Your Heart,Sound Of Your Heart
3NFuE3uDOr6QUw9UZ9HzKo,Sugar (feat. Francesco Yates),Sugar (feat. Francesco Yates)
2bKhIGdMdcqCqQ2ZhSv5nE,Middle,Middle
2UIRHeHi72VP5WBMAfkPe5,Hello Friday (feat. Jason Derulo),Hello Friday (feat. Jason Derulo)
44T13PWJ87jb3lFElhVIHx,This Unruly Mess I've Made,Growing Up (feat. Ed Sheeran)
6TaqooOXAEcijL6G1AWS2K,All My Friends,All My Friends
1brwdYwjltrJo7WHpIvbYt,Faded,Faded
59ZSmCCe6Ao1qtptCqX9Tk,Be Right There,Be Right There
6WLS56xiRrXjSm9RSdL3zD,Never Forget You,Never Forget You
2hsza71y54ABzmabyNDtM4,Daya,Hide Away
5tf1VVWniHgryyumXyJM7w,SUGAR,Sugar (feat. Francesco Yates)
6WhzFzROw3aq3rPWjgYlxr,Gold,Gold
4KcVVhAaHxqtX2ANt4b3tc,Lean On,Lean On
7vqUr6K2Js9Paq4kdNSOm6,Here for You,Here for You
0QQG0RovnsfKUdHJIsJ39f,Bang My Head (feat. Sia & Fetty Wap),Bang My Head (feat. Sia & Fetty Wap)
1cdzfFjEbUbgTm5nv3FgXR,Focus,Focus
53Y0kdCa1CZ9gRqEuknfwy,Listen Again,Bang My Head (feat. Sia & Fetty Wap)
0P6RjFd2HgG2AXJadQuGfE,Genesis Series,Working For It - Bonus Track
40YcuQysJ0KlGQTeGUosTC,When It's Dark Out,"Me, Myself & I"
1tIUfYWKAeMEeQqL6venu0,I Know What You Did Last Summer,I Know What You Did Last Summer
32lmL4vQAAotg6MrJnhlQZ,ANTI,Work
60hmtJmGbsAEXC0KCKMlN3,Lay It All On Me (feat. Ed Sheeran),Lay It All On Me (feat. Ed Sheeran)
3icbmPGKTsKAa0IinkizCM,That's How You Know (feat. Kid Ink & Bebe Rexha),That's How You Know (feat. Kid Ink & Bebe Rexha)
2mqDi8BzmNw54qrVHduyiu,Dessert,Dessert - Remix
3zkWCteF82vJwv0hRLba76,Handwritten,Stitches
2CpH1L4CUR47RARB3PgY1l,You Don't Own Me,You Don't Own Me
0r4SsYcwvd8URat6AS2m6f,Lush Life,Lush Life
0xCmwofyCiXdhoBsMSNj2w,Love Myself,Love Myself
6Knv6wdA0luoMUuuoYi2i1,MY HOUSE,My House
1ds5oarhQjo0K9gNB8SoP1,Backbeat,Backbeat
4iZ3YEN89TU8Uwan4NwkB8,Heading Home,Heading Home
0tJGzJjUVlEsn8s3Mn32Jb,Maps,Maps
4h0zU3O9R5xzuTmNO7dNDU,Lost Boy,Lost Boy
4MFCXniy7I8tj0GXtf3wgC,Adventure Of A Lifetime,Adventure Of A Lifetime
1dl3vuXJS9anUXE7XnNP75,Everything Is 4,Get Ugly
0j0DNujXWeupLpZobbABoo,Nothing Left,Nothing Left
2wA4C7X7O9hMjuemyHwLgd,On My Mind,On My Mind
1X6kxrjWVWiKMqulM8XZpj,Over And Over Again,Over And Over Again
0sQLhT32E9ZG2zn5iYR6nN,Locked Away,Locked Away
1KK0j3djUgx5tuOMwesdAT,Cool for the Summer,Cool for the Summer
7A2eDNBgJrEVE87C8pOMqN,When We Were Young,When We Were Young
6kwAbEjseqBob48jCus7Sz,1000 Forms Of Fear,Elastic Heart
0Gi17qCJh9e9RJxLaYkm9l,Beauty Behind The Madness,Dark Times
2eMwDehkIC1j68U6FA3Eiq,XO TOUR Llif3,XO TOUR Llif3
4r4PJQBHAE0bIKCjunhTgd,4 AM,4 AM
6p8NuHm8uCGnn2Dtbtf7zE,Culture,Slippery (feat. Gucci Mane)
1yxgsra98r3qAtxqiGZPiX,Butterfly Effect,Butterfly Effect
7KXjTSCq5nL1LoYtL7XAwS,DAMN.,HUMBLE.
2XaInsPPUkZRkY4uFJ3AHK,Droptopwop,Met Gala (feat. Offset)
2bjwRfXMk4uRgOD9IBYl9h,More Life,Portland
6dxU7Xf9j2yNI7aCcT8W1g,True to Self,Stay Blessed
3LnOF5n1GOs01siYZXzS3p,Drowning (feat. Kodak Black),Drowning (feat. Kodak Black)
2BoS7pU92MQtynhQ0cZOLT,Tunnel Vision,Tunnel Vision
1e1JKLEDKP7hEQzJfNAgPl,Playboi Carti,Magnolia
6UjfByV1lDLW0SOVQA4NAi,More Life,Gyalchester
5tz69p7tJuGPeMGwNTxYuV,Everybody,1-800-273-8255
5qbcsZMwL0x46sX7VO37Ye,NAV,Up
6HZILIRieu8S0iqY8kIKhj,DAMN.,DNA.
1jQsKN68yE94tMYml0wHMd,I Decided.,Jump Out The Window
0dvu4Irbq0SM5BWny30rRR,Disrespectful,Disrespectful
76Y0gxtTxN0FyDCYh5qYQj,Culture,Get Right Witcha
2hfuZh5FuIOFMoUPU01fjv,Teenage Emotions,Harley
59J5nzL1KniFHnU120dQzt,Playboi Carti,wokeuplikethis*
0OVhQZkNe7lh0fQeH96EFW,True to Self,Don't Get Too High
0bXFIF7iL17TYLyx8JHziM,Painting Pictures,Patty Cake
5hfpu8saHLGedbHRtNCYjm,bloom,Trap Paris (feat. Quavo & Ty Dolla $ign)
5GG3knKdxKWrNboRijxeKF,True to Self,Run Me Dry
2NyrXRn4tancYPW6JwtTl2,From The D To The A (feat. Lil Yachty),From The D To The A (feat. Lil Yachty)
41nFodiQgbNhVrPsLuKZ2a,Teenage Emotions,Priorities
3H1JaS0NUNFjwVcJZ76SgC,Ransom 2,"Perfect Pint (feat. Kendrick Lamar, Gucci Mane & Rae Sremmurd)"
5HtziFfFGxXpugCqZaAHoY,Droptopwop,Both Eyes Closed (feat. 2 Chainz and Young Dolph)
0utlOiJy2weVl9WTkcEWHy,4 Your Eyez Only,Neighbors
3wBAhQLR9VjWfyYO3u4oPR,What in XXXTarnation,What in XXXTarnation
4XF1D03U8LuaLzlCMugIE5,Flex Like Ouu,Flex Like Ouu
4lozYCMRLtEc46exlhoK2Q,FUTURE,I'm so Groovy
1E2ePlJmijVSX0o1G9TFgR,Love Galore,Love Galore
6PGoSes0D9eUDeeAafB2As,DAMN.,LOVE. FEAT. ZACARI.
4f1QbCjIAgQwnf7ms9NXWx,There's Really A Wolf,Me You
0mGgkrD2phGmsBiDy58z1O,First Day Out,First Day Out
5YYjsDIxJKpVgNLkPpBmRA,Up,Up
2frDm1v0SFNyeduw3gO632,Gilligan (feat. A$AP Rocky & Juicy J),Gilligan
7floNISpH8VF4z4459Qo18,Look At Me!,Look At Me!
6HL9fQAZ5jwajChlEIqVzf,SHINE,Colombia Heights (Te Llamo) [feat. J Balvin]
7cGFbx7MP0H23iHZTZpqMM,Everybody,Everybody
0rU1aBF8cQ8xS3H25qWuMz,Kill Jill,Kill Jill
4D1aO0inbRZFsicPx9Jw3B,East Coast,East Coast
05nbZ1xxVNwUTcGwLbp7CN,NAV,Myself
2KvHC9z14GSl4YpkNMX384,More Life,Do Not Disturb
6SwRhMLwNqEi6alNPVG00n,DAMN.,LOYALTY. FEAT. RIHANNA.
4luL1R4A2u0nesFPaJX0s8,The Last Stand,The Last Stand
4lzDJauxyAWzUNNmwImSkJ,When Sparks Ignite,After The Heartache
0htcfA4rJdCeozrai9MEM7,The Inner Sanctum,Let Me Feel Your Power
1wpiJznxsgVPfWS8Qepxcj,Bringer of Pain,King for a Day
53GyVN1pryld91E1ksDxgW,Inverted Grasp of Balance,Arisen in Broad Daylight
1ieKy4BjEOZt5Se6V6e7sD,Steel Meets Steel: 10 Years of Glory,Last Man Standing
6QBNeP7vcWqbH4hXkx3dhs,Disciples of the Sun,Back for More
16Z6q8BukGaCFUZZTUs90n,Take A Look In The Mirror,Did My Time
2kKTBbcLTclXiiaP02Pgq1,Immortals,We Defy
5A4MWD5i4FF4K36iG66xzF,We Will Never Die,We Will Never Die
2sAmk7SFgXBbMXBcvK1t3D,The Northern Sanctuary,Rapture Ballet
3KkPHbFi3Rf7BRcRpjLskE,War of Dragons,Battle in the Sky
2UVxYinhlXXOnqzZm0wabj,Aeronautics,Headbangers Ballroom
1COgBLG6bc5ECSlDMLOwxO,Secrets Brought To Life,Bleed
7fkcqrzdbgIa4vthgYN3vs,Unisonic,Unisonic
4frobh334OWRI8v5GdpNOk,Put Me to Shame,Put Me to Shame
5jgHpdKFoczjk3b79tVUYn,The Beauty of Destruction,Seven Years Alone
2iQoaliksvoEBhldqjYPgL,Memento Mori,Remember We Die
1EETJSnmmDBjxTkF5wtZYQ,Silence In The Snow,Silence In the Snow
2xF4zIYd0PzZTDGWyNtd44,The Animal Promo,Can't Carry On
1vDJE9fE7FB8proknu3u8E,Infinite,Hunting High And Low
1Yf6xbi1dJVdiKoWwxL1Ti,Walk Again,Walk Again
74XK6loeWil2omwM9VMZdi,The Moon and the Fool,Let It Burn
0qAlAfnqtWuZtrvvc1zwoA,The Storm Within,In Orbit
65PdyTHBhbcZhZvlIol38M,Lost,Lost
0bHYX16vAFaFhtEqKhCeqg,Unto The Locust (Special Edition),Darkness Within
3VR7UTfSiRtXFz4B7cYWwF,Legacy of Kings,Dreamland
3pYePK10TNQN8UXDS5J9SE,Lucky,Lucky
5gSPxCyEUA4Lj9RE16wgwB,A Decade And A Half,More Than Ever
4ZYiE0Y1FttXgTqgZek4Kf,Master Of Light,Metal Is For Everyone
09OnB8xeghs8FRnu4dJKmU,Grand Illusion,Still Alive
10kEDmWN6E6Jtst0vNGtze,Breaking the Surface,Hero Forever
2yoCtR2C0sMFgII70RosuY,The Raven Age,Angel In Disgrace
3dgoHoDwMd6g9RjXsYM9Jn,Thunderdome,Gods Come Together
47ENFnI73HDZyMYZzfE8cH,Plains Of Oblivion,Tragedy And Harmony
76jaUC95i1VXRmgVHY9Lh3,Chapters from a Vale Forlorn,The Clarion Call
5cchzU1igYAggOulRcD9Sn,Dukebox,Blacksong
3RibUaFtblDwDJNX08AEk3,Russell Allen's Atomic Soul,Blackout
3BD65moylQUqAEnhQCcogY,Katharsis,Last Warning
1SXaNlT88KkWotaPlJwosb,Disconnected,One
5Q964CEfbwUO0xXGrIzQoI,Ecliptica (2008 Edition),Replica
1TnmR2CWvNOxJFvXrRs9t7,Cold Winter Sun,Cold Winter Sun
5ZA54xxNigSG2bsc2try0j,The Uncrowned,Healer
3jq0ula2HD54lHumVcEx8b,The Blessed And The Damned,Burning Times
3qWmyQSoTA31BClpE4jyQq,Venus,The Collective Unconscious
166Jkc8Bbe9hJdQqGe6XVX,Lost for Life,Eventide
5THZ7kOiB7uJSIIz7yPv8Y,Divided We Fall,Live and Breathe
2syJXbgpLC88qJBQLWajTa,All I Was,You Waste Your Time
3DtFVNwlyB40V8lrbZvMnO,Brotherhood of the Snake,The Number Game
50YhFX77yQc7t9NCvqjrwq,New World Messiah,Awakening
7g3cQPQgAaFSXEJLHFsAQX,Healed By Metal,When Night Falls
6NPt00XaWeseLF2cL0pSM1,Stories,Pressure
4tW4eeqaYwieH1Y5TvZAzO,The Last Hero,Island Of Fools
5hPc5SHlbNsLAYA9ZPz6aM,Breaking the Illusion,Breaking the Illusion
6FloFNn4PeuzzXUKvsxKsA,The Heart of the Matter,Breathless
7IVhAkmr7xdgRZYc1Thrna,Dystopia,Fatal Illusion
3GM0xXSvZFcBspltFsLMS3,Into The Labyrinth,Valley of the Kings
01JszWYuKqRjddPQ4creVF,Hardwired,Hardwired
0BDhDFAVt6Z13xHLxLLuj0,Ghosts of Insanity,Ghosts of Insanity
1gk3FhAV07q9Jg77UxnVjX,ZABA,Gooey
2TUdxbIF3rpY887d8m0ZGV,Mature Themes,Baby
0UPsdEgJx6ypkfFUxD3ZHh,Nightlife,Don't Move
6K4t31amVTZDgR3sKmwUJJ,Currents,The Less I Know The Better
44DnIGEvTlhDkGv3xLSDcp,Gorilla Manor,Wide Eyes
044qU7kwVZaDwzWnRsmVVL,I See You,I Dare You
2kG5litgxXvx6ZRgwO1v7W,Little Neon Limelight,Sedona
4sCYKMatyhazyy6r2N7Hp2,Visions,Genesis
7eZyj92v6bZsoQ85MxWZsO,The Singles Collection,Lazy Eye
08HmtdAdRYiutP5WO02utw,Dreams,Burning
4kK14radw0XfwxJDPt9tnP,Lewis Del Mar,Painting (Masterpiece)
5ozIJrlaCAf3g8MMyot483,Idle Labor,After the Moment
0t2QiRkpag0fAgs9zuCPlH,Master of My Make-Believe,Disparate Youth
3pxw9Agh9VB9kyx79REpRQ,Trouble,Trouble
6dU5RxthbuaN31bRbEDlNw,Brothers,Everlasting Light
5jRJlGB5EP7HFKwYBKvlSA,Fire,Fire
0iTpQYzJnYgh7kIxyq8A2O,Veckatimest,Two Weeks
2X485T9Z5Ly0xyaghN73ed,Currents,Let It Happen
17XvbAd3K1GOjWy5uQvK2U,What Will We Be (Standard),Baby
1eyzqe2QqGZUmfcPZtrIyt,"Hurry Up, We're Dreaming",Midnight City
5oUV6yWdDM0R9Q2CizRhIt,"Oh, Inverted World",New Slang
3498wF96LsgVgMkGmJzJOC,Eyelid Movies,When I'm Small
0mBkoM8r7KAQzZij5swTUL,Walking On A Dream,Walking On A Dream
6kaPNiBCzWGzY2QoZl4PtR,Hospitality,Friends of Friends
0xxm1WskKZSCvbkGjkSMr2,"Being No One, Going Nowhere",Open Your Eyes
6M6UoxIPn4NOWW0x7JPRfv,Writer's Block,Young Folks
4ZFHITy0bAeZ3oFfvR0HaI,Heza,Put a Light On
71cUqXJ3h1r0Ees6YdENLU,Sylvan Esso,Coffee
4prEPl61C8qZpeo3IkYSMl,Manners,Sleepyhead
4j4pPKE3xAblPIbhxScC1j,Starfucker,Rawnald Gregory Erickson the Second
78ZdkvFY2GY0VXIkBcYDkY,Blood Pressures,Future Starts Slow
3X8gOyVXP93Tslnz9Bxw24,"Hissing Fauna, Are You The Destroyer?",Gronlandic Edit
0lYRAsWNDdUhGMftqH0RVG,The Names,Sister Of Pearl
41X9To0bQ4fpoSRri4NHiI,Singles,Seasons (Waiting On You)
0VnLohgzwLEleLmo19Z8B0,Cults,Go Outside
3b4GWSS7QnzRKqH0mEYcFH,The English Riviera,The Look
5YVYVuNA44FT2yVxEXOw3r,Empress,Empress
3ySxo6vRP0t9WCqhYXXMWN,The English Riviera,The Bay
0Fc8hmAuH0rHYq2Ur9t07Y,Bloom,Lazuli
0A4nmNFa3HNGiyJLGoHJUg,The Dawn Sang Along,Argonauts
0LtOwyZoSNZKJWHqjzADpW,Lonerism,Feels Like We Only Go Backwards
1kusepF3AacIEtUTYrw4GV,Kala,Paper Planes
7hm4HTk9encxT0LYC0J6oI,Is This It,Someday
40WXqoyOLAAugGmJWZU1FY,Bahamas is Afie,All The Time
2JGSZk5y65ZF79mtDz0o9r,Era Extra?a,Polish Girl
5qk1xXcERl8RW645ztqDAW,Funeral,Rebellion (Lies)
5w7ZSNKnlG4gkhxSZydh8R,Teen Dream,Zebra
0BJTbkmrB2Y4E9M8qVzbYZ,Life Of Leisure,Feel It All Around
5KeyVNymqfqac1wLDseK8v,Shrines,Fineshrine
2Ml0l8YWJLQhPrRDLpQaDM,Vampire Weekend,Oxford Comma
09eSdS5RTgyodJt3krr5AC,Three,Answer
5RoIXwyTCdyUjpMMkk4uPd,Conditions,Sweet Disposition
1spp1NXsz4rHcVaJhhndKa,Need Your Light,Water
65wx71brAmEQz66GXXF8gI,Sound & Color,Sound & Color
7qCZgvV98j6RjUULW1s1it,They Want My Soul,Inside Out
2nKAMiO5pCu1ebpnmiukcz,Con Law,"When They Fight, They Fight"
4MzGM692jKGkNSQ7qzeTaJ,Fever,Fever
24HPkbkXJsIFC4eyg63zgQ,The Sunlandic Twins,Wraith Pinned to the Mist and Other Games
3qhobDAfBcVoOWZP8Ck8R2,Ophelia,Ophelia
7pJo9G3BaTgYAxrhiENJGg,Mondo,This Head I Hold
7LZN7FkxHZk6maiN6NdI2i,Sunlit Youth,Dark Days
6ZrlXT6mUMEgomN128iekU,Wolfgang Amadeus Phoenix,Lisztomania
0hgsUnkawqDllP4OF4g9MN,California Nights,Feeling Ok
5ZrrXIYTvjXPKVQMjqaumR,Classics,Loud Pipes
2lwwrWVKdf3LR9lbbhnr6R,Good News For People Who Love Bad News,Float On
1JQiZTI59vPKwXHaU0md7I,Wincing The Night Away,Australia
3lB0GMiI5KxDbTOG8V3bOx,Rogue Waves,waves - Tame Impala Remix
5ufmXqULgMsDIDSkSaXw1E,Our Own House,Our Own House
0ieqq1wbtso2UjJWPqJ5Xc,Under The Blacklight (Standard Version),Silver Lining
07tOsOR7E9zW89v2FqzsdG,Jungle,Busy Earnin'
3pcCifdPTc2BbqmWpEhtUd,A Moon Shaped Pool,Burn the Witch
3Ni6ZPaSxnvzWTpP9chwY4,No No No,No No No
25J4d78ESH2MgAJoIakB8O,Barchords,Lost In The Light
2cmRpmO04TLaKPzmAzySYZ,This Is Happening,Dance Yrself Clean
071j0M72wZvQaNBN45onaM,Slave Ambient,Baby Missiles
2ARB3fKvRkMGhAtZuTnE5J,Big Echo,Excuses
5cwN1htZyoWqZCc33f3RfE,Broken Bells,The High Road
1kn0qoZsAYz2IEOSmWGrvX,Merriweather Post Pavilion,My Girls
2RUhtNBh43RtSg0WBPPq3m,Inside In / Inside Out,Naive
6mcxQ1Y3uQRU0IHsvdNLH1,Surfer Rosa (Remastered),Where Is My Mind?
5ftdTvmQjjsL23t7jxADfI,Brazil,Brazil
53L6A3I9vf7rgEZnMzx54E,What Went Down,Mountain At My Gates
2YxXuCdbUpil3P7tRjhW1t,Silent Alarm (U.S. Version),Banquet
1Er5JMNcguoBMFXxwZ7BWH,Fleet Foxes,White Winter Hymnal
4EwNG7uCvLEm5a6KgerCHf,Fever To Tell (Explicit Version),Maps
1fWwxmWor6QbvBeLSV428F,Seventeen,Seventeen
03qDVofuUUQSsSQCLWX0eF,Built On Glass,Gold
1bSpwPhAxZwlR2enJJsv7U,OK Computer,No Surprises
336ZYcU6poBWi3s8yzRcAD,Wounded Rhymes,I Follow Rivers
21BWdXsBx3CfHuuj36RWS5,"Can?t Let Go, Juno","Can?t Let Go, Juno"
516V4vS25xnGdVgkBWO6Wf,Since I Left You,Since I Left You
1iw4yy8dDH9TcSEcOEWVnO,Treats,Rill Rill
2BW8xmYgAXFOzULQRNxiNh,Wolfgang Amadeus Phoenix,Armistice
5CPqOpKSk0QcJ3dGdaWcRB,I See You,On Hold
3n69hLUdIsSa1WlRmjMZlW,An Awesome Wave,Breezeblocks
1XJQ0Sjvo2FPNC1mNUpmMO,Voix Grave,Voix Grave - Johannes Brecht Version
70iUrLHsC6ETdMjP0QBJfF,Day for Night,Day for Night
5ILFBWKGVySOJGFaqIOjkq,The Idea,The Idea - Frankey & Sandrino Remix
397sfkANMRKEuchzPCvlFL,Territory,Virile
0IH1o2VJMqybzQs1QeJnCM,Starlings,Starlings
6lz1wGZEYPrKjCM1d4rxZr,Dent,Hush - Original Mix
5WHVJ7MILL1r5xs8hDfJ4i,More Life,Get It Together
2VaK08wFMkSM34qwlp8uUl,Machines,All In All
6LvLkHVkbryXJMxPg8OiDe,Temporary Secretary,Temporary Secretary
4tVlAl4RX2T5Xgz1jqar09,"The Many Shades Of Soul Notes, Volume Two",On My Side
5W1qgpeS9Y7eS9FvowV8ZF,Morva,Agnus Dei
4QMkxxygJ2iDcLlJgaiPiD,Calling Home,Calling Home
28Aw78Nqng9IVq6Jpl8qrK,Lust,Lust - David Mayer Remix
79hd7QPOOQ3EPTl0GkY335,Burnin' Up,Burnin' Up
5rOEYfGwNlNUfOh3OEqXw5,Lodemann Hallucinations,Towards The Seer - Andr? Lodemann Remix
1vEq5crvEWufZrFcx3QiQY,Everyday,Strange
4qGD7uaQhKDes1s4bK6TAK,The Night Land,Loser's Hymn
2k1SL9uPgvmFxjP48lJbq0,Polarized,Polarized
7xD4KYGo0knc5AOajv8aiw,Walk to 159,Walk to 159
1rEd19h2JPWpcCWlYZUTeU,Best Part of Us,Best Part of Us (Instrumental)
1LPGNTuBxFsfy0KFtU4WAW,For Club Play Only Part 4,Worship
7nqyqySSbrCoFyZ5ll9gNM,Gro?stadtm?rchen,Warschauer Stra?e - Original Version
2t1BSibONZjORicjEzCbx6,215 In The East,When Coasts Collide - Original mix
2pOaeeEj3eSRMMLlftPNHX,Diynamic Revisited (By David August),Last Day - David August Revision
26PDsEYyfRR5JtJGkCDxBb,Invidia EP,Invidia - Original Mix
1dMSwCHMxUVRFwR5OyRasG,Full Time EP,Keep It Down - Original Mix
75h4pX6dTRORSnkhr4CHfh,Yourself,Yourself
4uu21WMiaC3h8x8nonpR5l,Postgalactic II,Le Cap
6mCtb2DhFHqWtc1PtusRQX,Watergate X,Talking to the Birds - Original
7ELPhq6TvOyaCuXDaTWeEC,Melt,Melt
6AXUbT2OLpXFQpbBYRfr3m,Solaris EP,Solaris
3MVHMYlg4JUTMw8XlZgoFb,Four to the Floor 08,Zulu
4R1AbCs2wEu4e6j7FB7sRZ,The Touch,The Touch
5foLxwaC1yXWKK9w8QKJBn,Running Hot EP,Running Hot
4PUQS0BErc1UgfSIhHtqcW,For Eternity,For Eternity (Love Over Entropy Remix)
1rW7vgnP0Ceg9ic9GS1DnO,Who You Are,Who You Are
2vDJo6ZQxaFq5LGRpB4Ehi,Mangroove,Pisco
4Rku2AG9dWtoEnDfg0vbmg,The Mule EP,The Mule
6E5ubTPMIcS9m248Aj07k4,Hushle,Hushle - Bebetta Remix
5YoXZDoybXhQaHWZOLozhZ,Flow,Flow
7MaR5KkmUM6nOBXY7R6Cdx,Kellerkind - Fideles,Shakti Pan (feat. Sven)
3LcknqF77tB6aujEAEVjX2,The Story About You,Doobies - Original Mix
1cSpFAYDTVByFxsOxhHLlL,Les jours paresseux - part un,Someone Like You - Original Mix
7DYiXlPqusWb76Yjn3HISX,One EP,One - Karl Friedrich Remix
7lThKz6CQMfz50qGZLmj8L,My Love,Dolce
0RqepMoZlBKhSJX0BZvjJc,Seconds of Light,Seconds of Light
5WZD4aZbU5KwGPzEs9Zu6A,Maximum Joy Part 2,Awaken
5DMwA0QNdTiQIfwnCck8uW,Moorthon EP,Moorthon II
3zHdvkPiCg71qAnG52pHIt,Forbidden,Look Closer
3Bz8uankAjdjbYwXyOxYS7,Life Index,The Feelin'
640YdbqkE4UriiITaGAZjG,Music On EP,Music On
16IUsLDKVsxzzKq0KSgWbS,Just Escape,Just Escape - Justin Martin Remix
7tKQhWW0S8GLHxzCsoMuHr,Last Call EP,Last Call - Karmon Remix
0of84bemU8GetwxbkgY114,Don't Come Home EP,Don't Come Home - The Revenge Remix
7aIIEZi4zigYSc5W4xP2tX,D?dskallar Och Korallrev,Mogadishu - Original Mix
6SJn6nuaDiOl3HIq3fNC1X,3000,Do to Me
2o9fz1ALwGI65oMzueYMUI,Acamar EP,Acamar
0PSi9oaFxlfnb7wYwXnu2t,Complex,Complex - Serge Devant Remix
5JQOYelqf9Dou21Nr0ggXk,Mami Wata EP,Soak It
3xONR6I5QGWYD3mTJG1q9V,Talespin EP,Panorama - Original Mix
73Z2ZIL6IJPTAQyLZK5C5V,Sparta,Sparta - Original Mix
25bVDGhgVDhiOO1uaP60uv,Ritual,Revelation
0qrak3LOoUwG3LJxQVjgqI,Aurora,AURORA - Original Mix
1IbNYr8ByXsgwGbmOxLBXP,Friends,Friends
4ZWoFBwQyR3Ee9rkqNYt6X,Hydrae,Hydrae
6xUWo0j2fFn4k4zg4qACJm,Secrets & Lies,Secrets & Lies
54J2inxSsT45PPTCDJEaMr,Tireless,Tireless
2upjPXCYscwhOgazz6Remz,L'uomo d'affari / Italove,Italove
07argueeFtCQCQWyTSgvrZ,Fixi,Laos - Original Mix
42RDQMLJJN4ilKdHLY7dxA,Childhood,Childhood - Original Mix
42LixNzVt4Sahc7nbuib2Z,Never Been In Love,Never Been In Love (Part III)
6xHe6WX8MvTmnUhbjO7lJy,Meridian 2016,What's Your Number - Swag FM Mix
5gOJxDDQxSzHdhJms02IWW,Citron vert EP,Tendresse
0Q6Zry5Jwt1D7HPDvAnQU1,PH?ENIX,PH?ENIX
5IuTWtuZ2yG5sxUFYpNc62,Secret Weapons Part 8,Necessity
1OXfYPT2CYSkwXsok84StZ,Soul Patrol EP,Soul Patrol
390XcjdGFL4WB6j0yzqzrR,Where Eye,Where Eye - Original Mix
6yS1nkZFsQAx0qSqCc7gve,This Story Until Now,Dawn - Green Mix
582Jhj7XimzSYRhv63EX4x,Ortygia EP,Ortygia - Love Over Entropy Repatterning
06CbDIpedDzxwuruPmQsEN,Got Me Feeling,Got Me Feeling
5vJBQOnW6oIHAyKci8D6lE,EEE,Relaxation
1M0d1zJCH9G5UbXXHUBtli,Before Time Altered Them,Sea Of Steps
7nInKQldBvJV5uEquNMPrC,Runes #1,Trevor C. Belmont
7uRRcR7qb7nJSaLfSQlWiL,You Got to Love Me,You Got to Love Me
1IQLF1Nk1IqDChz1wV6CU4,Odd EP,Chrome - Original Mix
2NqJTBDFwueP6FhxyhAdYY,Woo,Verso
1HbBjivKSEOBUhp74a1e9N,Dvala,Valv
3JAh3I2jgBrRmQ8pHvLwGI,Divisions Chirality,Chirality
4bM1piaebZzqD9wEo2EmvP,Love Apparel,Love Apparel - Axel Boman remix
4bYgLxe51TQpmmTX0Kit6K,Trust Me,Trust Me - Radio Edit (Feat. Robyn)
6HdgJBpLP9fYh1dzKykKLU,Vermillion,Vermillion - Agoria Remix
38YG2VoGqYmaPjAqfozhyz,Felt This (feat. Brittany Foster),Felt This (Original Mix) (feat. Brittany Foster)
1TwLKNsCnhi1HxbIi4bAW0,Montevallo,House Party
5HJId22hZ2IvFnvNSy6ZbE,Black,Different For Girls
6eJBihAzTWRxvvjJWuRQXM,If I'm Honest,Go Ahead and Break My Heart (feat. Gwen Stefani)
0CexLaYHQrvcTZZb8Ra54e,Star Of The Show,Star Of The Show
1MTEImRXVeL8VTDSDbgW6V,Ignite the Night (Party Edition),Carolina Can
3UZ9aPaYlBBlAvpdh3kK0U,This One's for You,Hurricane
1zWZvrk13cL8Sl3VLeG57F,Tangled Up,T-Shirt
0adTN3vBO3pimO3yfxm9vg,My Kinda Party,Dirt Road Anthem
0xwPzLmBAYro8BUz7MrtAo,Montevallo,Make You Miss Me
2WaOQWSv0D1tZNxyLvnGAI,The First Time,Yeah Boy
6nUKELHbV6Tdj5OuQbksKH,Kill The Lights,"Huntin', Fishin' And Lovin' Every Day"
1R9FxlRkvKtt36dtTHs93X,Head Over Boots,Head Over Boots
2d4HekYxv0MavPQcdKwwqH,Ready Set Roll,Ready Set Roll
1XazlqB4YAtvouCmJPWXlM,Illinois,Wanna Be That Song
57EH1IvuQYjfvUQOGTypd4,I'm Comin' Over,I'm Comin' Over
5w8uDsvIX6Q2xJFUF99P60,Up All Night,Somethin' 'Bout A Truck
3wx2kQWPn9p5UppQbNhPAk,Montevallo,Leave The Night On
0JCjhCdqvVQ8am5x689TL0,Ignite the Night,Gonna Wanna Tonight
6WCqjXvMxAN2yP4dzeoyhF,About To Get Real,Baby Be My Love Song
19PJf5HzeiVW0mdk82Swmn,H.O.L.Y.,H.O.L.Y.
6wycnu8FWXsj68ig7BEot9,Ripcord,Blue Ain't Your Color
3un2KQUaQ2brEpd8dK93wI,Bring You Back,Beat Of The Music
3M31S6f0z8S3nkFh3eS06W,High Noon,Drink to That All Night
2IDZZPDo5t7E5PE8Gv2I28,Ignite the Night (Party Edition),Ride (feat. Macy Maloy)
2KklDCzQYLA5YtOL3lbQbH,Anything Goes,Dirt
0uRlP6bHbSgBGklmaCMqG7,Crickets,Yeah
4nrtux8xl5lYegU8II5rAQ,Montevallo,Single For The Summer
60hGQrn24APqEFSLObLeDc,Two Lanes Of Freedom,Highway Don't Care
68A4qiCqD9y39N3WNEsJVD,How Country Feels,How Country Feels
4pXQMKhsrOabXRdc0ZjoUE,Old Dominion,Nowhere Fast
5jROdl6MhcmP3O7h2sVgtw,Traveller,Parachute
46ZfPS5VpSQVU5gb82hg3K,Anything Goes,Anything Goes
7L8zhGCm45v984vCmYBS1x,Chief,Springsteen
2a3KlwRjbAFPYMV2sdzsFM,RISER,Drunk On A Plane
03fT3OHB9KyMtGMt2zwqCT,Crash My Party,Play It Again
4U5DDEuYdoMm4Xv9yklrWu,Yours,Yours
7DEgL4rErTwjrsxLMlUVhf,They Don't Know,Any Ol' Barstool
5ARuoJ6sMbMRvvGU9Ft18z,Don't It,Don't It
3X33opT0KHbkadEKmBPyPD,Thomas Rhett EP,Make Me Wanna
61jWRBNxdM3sO5oKLwZV9y,El Rio,You'll Accomp'ny Me
7CL6oaDC9d0QXFMQRkNBmy,How Country Feels,Runnin' Outta Moonlight
0cV4xwUA4ue2deqq4CZFko,Tailgates & Tanlines,I Don't Want This Night to End
0AdjJ2SaOeb5bPJ67nDbsW,From The Ground Up,From the Ground Up
5kNe7PE09d6Kvw5pAsx23n,Tangled Up,Die A Happy Man
6rqxivjFHp8K0yMiefG56g,Stay A Little Longer,Stay A Little Longer
5LPkLveErawyu1XDAGXHOj,Just As I Am,One Hell Of An Amen
2cuGAe3C8BHJN57JASaS3P,May We All,May We All
1uhaXll708Tq7NDwu7fJBd,"Old Boots, New Dirt",Gonna Know We Were Here
1S1u0ausWGi2msWnuQgTCY,It Goes Like This,It Goes Like This
